"Page","Citations"
"https://www.taxchecknow.com/nomad/check/tax-treaty-navigator","28"
"https://www.taxchecknow.com/questions/how-long-does-it-take-the-ato-to-issue-a-clearance-certificate","26"
"https://www.taxchecknow.com/au/check/small-business-cgt-concessions","10"
"https://www.taxchecknow.com/au/check/super-death-tax-trap","9"
"https://www.taxchecknow.com/au/check/cgt-main-residence-trap","9"
"https://www.taxchecknow.com/au/check/rental-property-deduction-audit","7"
"https://www.taxchecknow.com/nomad/check/spain-beckham-eligibility","5"
"https://www.taxchecknow.com/questions/what-happens-if-i-dont-have-a-clearance-certificate-at-settlement-in-australia","5"
"https://www.taxchecknow.com/au/check/instant-asset-write-off","5"
"https://www.taxchecknow.com/can/check/non-resident-landlord-withholding","4"
"https://www.taxchecknow.com/au/check/division-7a-loan-trap","4"
"https://www.taxchecknow.com/questions/is-the-frcgw-threshold-really-0-from-1-january-2025","2"
"https://www.taxchecknow.com/nomad","2"
